h,spread_pct,t,p,n,fdr
12,0.233,3.88,0.00011,6617,True
24,0.479,5.66,0.0,6617,True
72,0.237,1.57,0.11583,6617,False
168,-0.168,-0.76,0.44445,6560,False
